{
  "method": "Algoritmo Gen\u00e9tico",
  "objective": "combined",
  "best_weights": {
    "w1": 0.05815484497951111,
    "w2": 0.005942897106739819,
    "w3": 0.7325174253905978,
    "w4": 0.09031666732945809,
    "w5": 0.11306816519369324
  },
  "best_energy": 1052.975544130291,
  "best_time": 18506.669218459752,
  "best_objective": 0.9957116742425383,
  "elapsed_s": 8.041659593582153
}