{
  "method": "Monte Carlo",
  "objective": "combined",
  "best_weights": {
    "w1": 0.0708637863278141,
    "w2": 0.03540145804467624,
    "w3": 0.4907391970477709,
    "w4": 0.12087358835559583,
    "w5": 0.28212197022414276
  },
  "best_energy": 1052.975544130291,
  "best_time": 18529.950151793084,
  "best_objective": 0.9963356852499634,
  "elapsed_s": 25.062046766281128
}