{
  "objective": "energy",
  "n_trials": 50,
  "best_weights": {
    "w1": 0.3390107218404053,
    "w2": 0.13044859334756476,
    "w3": 0.33389052833118665,
    "w4": 0.1966501564808433
  },
  "best_energy": 1033.8163616798943,
  "best_time": 18585.29654370261,
  "best_objective": 0.9956214780448325,
  "elapsed_s": 0.1750016212463379
}