{
  "objective": "time",
  "quick": false,
  "elapsed_s": 294.46723651885986,
  "archetypes": [
    {
      "key": "urban_small",
      "name": "Urbano pequeño (base Castelldefels)",
      "description": "Flota de 5 drones (2L+2M+1P) y 30 pedidos sobre los destinos reales de Castelldefels. Escenario canónico del proyecto.",
      "config": {
        "n_drones": 5,
        "n_orders": 30,
        "charger_w": 180.0,
        "wmin": 0.3,
        "wmax": 4.0,
        "n_train": 8,
        "n_test": 40,
        "mc": 200,
        "ga_pop": 24,
        "ga_gen": 16,
        "bayes": 70
      },
      "objective": "time",
      "baseline_full_makespan": 21855.665338647406,
      "baseline_partial_makespan": 19090.423075618306,
      "best_tuner": "Genético",
      "best_weights": [
        0.026779149966122375,
        0.0018124412607656893,
        0.6434264275002521,
        0.08287401480913076,
        0.245107966463729
      ],
      "stages": {
        "labels": [
          "Base (100%)",
          "Recarga parcial",
          "Parcial + Genético"
        ],
        "makespan_mean": [
          21855.665338647406,
          19090.423075618306,
          18986.166281702965
        ],
        "delivered_mean": [
          30.0,
          30.0,
          30.0
        ]
      },
      "improvement_recharge_pct": 12.65229047106298,
      "improvement_total_pct": 13.129314584947924,
      "improvement_tuning_pct": 0.5461209188626884,
      "p_value_recharge": 1.6623188566119312e-12,
      "tuners": {
        "Monte Carlo": {
          "weights": [
            0.09591330290365821,
            0.09250689294684769,
            0.3567477730522198,
            0.1265820439995597,
            0.32824998709771464
          ],
          "best_objective": 0.9948164841861817,
          "n_evaluations": 200,
          "time_improvement_pct": 0.5183515813818268
        },
        "Genético": {
          "weights": [
            0.026779149966122375,
            0.0018124412607656893,
            0.6434264275002521,
            0.08287401480913076,
            0.245107966463729
          ],
          "best_objective": 0.989720093439638,
          "n_evaluations": 260,
          "time_improvement_pct": 1.0279906560361998
        },
        "Bayesiano": {
          "weights": [
            0.07261567272820475,
            0.01642779637948788,
            0.39850315146353693,
            0.10910787148257778,
            0.4033455079461927
          ],
          "best_objective": 0.9914727990526437,
          "n_evaluations": 70,
          "time_improvement_pct": 0.8527200947356246
        }
      },
      "greedy_vs_jv": {
        "time_saving_pct": 0.048507552968975375,
        "p_value_time": 0.9091466461132967
      },
      "figures": {
        "base_vs_improved": "results\\study_v2\\urban_small\\base_vs_improved.png",
        "convergence": "results\\study_v2\\urban_small\\convergence_3tuners.png",
        "weights": "results\\study_v2\\urban_small\\weights5.png",
        "test_improvement": "results\\study_v2\\urban_small\\test_improvement.png",
        "greedy_vs_jv": "results\\study_v2\\urban_small\\greedy_vs_jv.png"
      }
    },
    {
      "key": "ecommerce_light",
      "name": "Perfil e-commerce (paquetería ligera)",
      "description": "Pedidos ligeros (0.1–1.5 kg); muchos drones ligeros son viables, lo que da más libertad al optimizador.",
      "config": {
        "n_drones": 5,
        "n_orders": 40,
        "charger_w": 180.0,
        "wmin": 0.1,
        "wmax": 1.5,
        "n_train": 8,
        "n_test": 40,
        "mc": 200,
        "ga_pop": 24,
        "ga_gen": 16,
        "bayes": 70
      },
      "objective": "time",
      "baseline_full_makespan": 9886.164345594143,
      "baseline_partial_makespan": 6748.4003180783475,
      "best_tuner": "Genético",
      "best_weights": [
        0.19956452017100115,
        0.010351940976605231,
        0.28516822887151255,
        0.19587783555576777,
        0.30903747442511326
      ],
      "stages": {
        "labels": [
          "Base (100%)",
          "Recarga parcial",
          "Parcial + Genético"
        ],
        "makespan_mean": [
          9886.164345594143,
          6748.4003180783475,
          6419.308596954108
        ],
        "delivered_mean": [
          40.0,
          40.0,
          40.0
        ]
      },
      "improvement_recharge_pct": 31.738942605320613,
      "improvement_total_pct": 35.067753553834756,
      "improvement_tuning_pct": 4.876588607860634,
      "p_value_recharge": 3.2496491614610375e-18,
      "tuners": {
        "Monte Carlo": {
          "weights": [
            0.24807650264061182,
            0.013957421060334978,
            0.3527764874283193,
            0.23605264865322687,
            0.149136940217507
          ],
          "best_objective": 0.8755186968687755,
          "n_evaluations": 200,
          "time_improvement_pct": 12.44813031312245
        },
        "Genético": {
          "weights": [
            0.19956452017100115,
            0.010351940976605231,
            0.28516822887151255,
            0.19587783555576777,
            0.30903747442511326
          ],
          "best_objective": 0.8496451357695973,
          "n_evaluations": 242,
          "time_improvement_pct": 15.03548642304027
        },
        "Bayesiano": {
          "weights": [
            0.26626921015451926,
            0.0028569128461490615,
            0.37767074561205854,
            0.16538502223529783,
            0.18781810915197533
          ],
          "best_objective": 0.8710116001447701,
          "n_evaluations": 70,
          "time_improvement_pct": 12.898839985522992
        }
      },
      "greedy_vs_jv": {
        "time_saving_pct": 0.7154658634858727,
        "p_value_time": 0.6760386658515585
      },
      "figures": {
        "base_vs_improved": "results\\study_v2\\ecommerce_light\\base_vs_improved.png",
        "convergence": "results\\study_v2\\ecommerce_light\\convergence_3tuners.png",
        "weights": "results\\study_v2\\ecommerce_light\\weights5.png",
        "test_improvement": "results\\study_v2\\ecommerce_light\\test_improvement.png",
        "greedy_vs_jv": "results\\study_v2\\ecommerce_light\\greedy_vs_jv.png"
      }
    },
    {
      "key": "industrial_heavy",
      "name": "Perfil industrial (carga pesada)",
      "description": "Pedidos pesados (1.5–4.0 kg) que solo sirven medios y pesados; problema muy restringido por carga útil.",
      "config": {
        "n_drones": 5,
        "n_orders": 40,
        "charger_w": 180.0,
        "wmin": 1.5,
        "wmax": 4.0,
        "n_train": 8,
        "n_test": 40,
        "mc": 200,
        "ga_pop": 24,
        "ga_gen": 16,
        "bayes": 70
      },
      "objective": "time",
      "baseline_full_makespan": 47331.681114018626,
      "baseline_partial_makespan": 44152.78796646573,
      "best_tuner": "Monte Carlo",
      "best_weights": [
        0.002360368273641967,
        0.3250358916384606,
        0.21472685300008074,
        0.1821712239711514,
        0.27570566311666533
      ],
      "stages": {
        "labels": [
          "Base (100%)",
          "Recarga parcial",
          "Parcial + Monte Carlo"
        ],
        "makespan_mean": [
          47331.681114018626,
          44152.78796646573,
          44141.12661249747
        ],
        "delivered_mean": [
          40.0,
          40.0,
          40.0
        ]
      },
      "improvement_recharge_pct": 6.716205874655433,
      "improvement_total_pct": 6.740843397967075,
      "improvement_tuning_pct": 0.026411364956422094,
      "p_value_recharge": 2.2527282174342245e-14,
      "tuners": {
        "Monte Carlo": {
          "weights": [
            0.002360368273641967,
            0.3250358916384606,
            0.21472685300008074,
            0.1821712239711514,
            0.27570566311666533
          ],
          "best_objective": 0.9975272421920374,
          "n_evaluations": 200,